n_spots,max_n_spots,bulk_fluorescence,avg_spot_size,percent_area,time_to_threshold,max_spot_change,max_area_change,max_fluorescence_change,copy_number,log_copy_number
8,80,15.58562527,0.000181715,0.001453723,59.66666667,34,0.012109465,10.69992609,20,1.301029996
24,132,24.2823334,0.000447361,0.010736662,59,62,0.015326562,14.06834061,20,1.301029996
10,98,15.79512223,0.000330884,0.003308843,59.66666667,33,0.012737838,11.17639756,20,1.301029996
5,12,11.37726631,0.000838733,0.004193666,34,5,0.002678897,5.743260681,20,1.301029996
8,21,8.717405482,0.000295959,0.002367675,47.66666667,7,0.002121928,7.802344045,20,1.301029996
17,203,18.29322981,0.000153453,0.002608696,58.33333333,66,0.030783564,13.43263736,20,1.301029996
38,104,10.47272943,0.000739321,0.028094216,59.33333333,30,0.011297513,4.752852038,20,1.301029996
13,33,15.17800048,0.000199244,0.002590172,59.66666667,11,0.00385863,10.03096587,30,1.477121255
8,38,12.46928886,0.000352181,0.002817447,55,15,0.005910829,10.06028465,30,1.477121255
27,40,12.49540089,0.000355761,0.009605547,53.66666667,9,0.003808116,7.474451518,30,1.477121255
21,44,22.60719101,0.000290351,0.006097378,53.66666667,11,0.003915106,11.58698127,30,1.477121255
6,20,17.58643824,0.000344723,0.002068337,58.33333333,5,0.003479221,8.622598138,40,1.602059991
13,29,26.14402639,0.000181751,0.002362759,59,7,0.002731485,11.00572981,40,1.602059991
13,71,21.40146586,0.000415583,0.005402579,58.66666667,41,0.00668545,7.980316409,40,1.602059991
10,24,26.58994776,0.00012865,0.0012865,51.33333333,11,0.001822541,8.061727613,40,1.602059991
75,142,17.08655562,0.000303446,0.022758444,45,37,0.018606649,9.947778274,40,1.602059991
196,402,54.07811772,0.000149933,0.029386935,43,161,0.053470928,13.85908632,50,1.698970004
40,160,61.35081998,0.000423699,0.016947941,58.33333333,46,0.016113654,14.76762014,50,1.698970004
7,14,6.314192918,0.00021071,0.001474969,54,4,0.001909646,5.128166056,50,1.698970004
20,30,12.03647595,0.000208908,0.004178154,58.33333333,9,0.002757013,7.629385404,50,1.698970004
63,119,74.83258445,0.000834619,0.052580976,49.66666667,32,0.014257692,16.66949308,50,1.698970004
68,104,27.49366865,0.000393724,0.026773256,58.33333333,24,0.008744433,12.84014412,50,1.698970004
14,25,19.05236668,0.000609594,0.008534323,53.33333333,7,0.002806717,7.136763237,60,1.77815125
26,37,18.82001345,0.000410049,0.010661274,52,12,0.004224725,6.821188038,60,1.77815125
43,233,33.85890384,0.000449937,0.019347285,59.33333333,57,0.02206278,13.205142,60,1.77815125
42,240,17.61247388,0.00033374,0.014017094,59.66666667,54,0.036424501,16.8572982,60,1.77815125
20,32,15.50295644,0.000372247,0.007444934,43.66666667,10,0.004390602,8.350846794,70,1.84509804
14,30,21.40882761,0.000483531,0.006769429,59.33333333,10,0.005392099,12.062268,70,1.84509804
62,86,13.98848195,0.000390341,0.024201128,58.66666667,22,0.011684485,10.96040883,70,1.84509804
58,105,21.67020881,0.000481667,0.02793669,56.66666667,19,0.010550153,12.06172769,70,1.84509804
16,26,20.70394254,0.000290123,0.004641974,52.66666667,7,0.003415063,10.06325354,80,1.903089987
8,19,13.674182,0.000377729,0.00302183,58,4,0.002393917,8.712661271,80,1.903089987
24,32,20.24298103,0.000295023,0.007080562,58.33333333,10,0.004129096,10.98732693,80,1.903089987
14,49,24.35548322,0.000240174,0.003362442,59.33333333,12,0.005136252,12.76726054,80,1.903089987
44,131,14.86965484,0.00025608,0.011267501,59.33333333,27,0.010306898,14.58732416,80,1.903089987
15,42,44.23631006,0.000298548,0.004478222,55.33333333,14,0.002888234,16.98470792,90,1.954242509
46,147,55.03011293,0.000368302,0.016941903,52,75,0.013819991,18.46365554,90,1.954242509
39,252,29.62046473,0.000250285,0.009761105,59.66666667,64,0.031924225,17.90440463,90,1.954242509
20,170,23.98281108,0.000387015,0.007740295,59.66666667,75,0.017203321,17.54435434,90,1.954242509
125,220,25.12739581,0.000263498,0.032937309,54,51,0.023278288,9.375853869,100,2
33,70,10.36829238,0.000226421,0.007471897,52,20,0.00579618,10.38866208,100,2
34,51,8.905823041,0.000323432,0.010996683,52,13,0.003813933,5.340723804,100,2
74,150,42.48867969,0.000336981,0.024936614,59.66666667,35,0.015057752,13.52017091,100,2
18,131,24.87058572,0.000277145,0.004988608,58.66666667,72,0.016888172,11.18042529,100,2
71,125,25.83789836,0.000540584,0.038381492,58,24,0.012896033,10.10471058,100,2
26,38,23.11450643,0.000437948,0.01138664,53,11,0.006177066,12.14112983,140,2.146128036
7,19,18.94782407,0.000380815,0.002665707,59.66666667,4,0.003173227,10.35827897,140,2.146128036
27,98,11.54622181,0.000316612,0.008548528,59.66666667,28,0.011348653,7.712036584,200,2.301029996
35,106,23.63200801,0.000352103,0.012323608,59.33333333,20,0.012523837,10.77698322,200,2.301029996
15,84,20.92443323,0.000199643,0.002994644,58,25,0.006589177,16.50095022,200,2.301029996
18,119,11.48790583,0.000145297,0.002615341,56,27,0.00816404,8.363750712,200,2.301029996
58,197,12.96426058,0.000197189,0.011436949,57.33333333,43,0.027451176,11.7968463,200,2.301029996
78,133,29.6336522,0.000417288,0.032548442,56.66666667,27,0.018121168,14.84027471,300,2.477121255
63,103,26.07615951,0.000524363,0.033034838,54.33333333,25,0.01373045,13.30152165,300,2.477121255
42,82,3.674998042,0.000165732,0.006960761,53.66666667,24,0.004718828,6.586735393,300,2.477121255
47,99,6.539670129,0.000184357,0.008664778,55,26,0.008359888,7.659570597,300,2.477121255
58,103,18.7354663,0.000368452,0.021370223,59,30,0.01289507,13.05209083,400,2.602059991
62,105,18.33210914,0.000325515,0.020181908,58,25,0.013952802,12.60235497,400,2.602059991
135,155,51.27701947,0.000449093,0.06062753,38.66666667,52,0.022778099,18.64222576,400,2.602059991
113,134,30.39235005,0.000439911,0.049709931,47.66666667,49,0.021189774,15.44643068,400,2.602059991
651,806,90.40261015,0.000282457,0.18387931,36,400,0.143386015,29.67534004,400,2.602059991
225,411,65.86895623,0.000291401,0.065565176,59.33333333,106,0.061226551,19.89443482,400,2.602059991
147,193,40.94271111,0.00047918,0.070439506,59.66666667,52,0.028044444,16.84403951,500,2.698970004
95,154,20.37649312,0.000346146,0.032883888,52.33333333,39,0.017334299,8.399332368,500,2.698970004
123,154,23.27790716,0.000413857,0.050904363,54,60,0.020032798,13.87036175,500,2.698970004
165,191,34.71761849,0.000419158,0.069161036,44.66666667,59,0.026974776,24.4689879,500,2.698970004
147,199,25.69212678,0.000268844,0.039520008,41.33333333,82,0.015727203,16.35566564,500,2.698970004
137,195,28.19617857,0.000258964,0.035478007,55.66666667,55,0.019149315,12.13902112,500,2.698970004
329,350,62.32631751,0.000408816,0.134500398,40.33333333,128,0.041461519,15.38869694,600,2.77815125
271,307,56.05121939,0.000371618,0.100708502,51.66666667,97,0.029429343,15.51033835,600,2.77815125
154,168,42.51970683,0.000515758,0.079426728,49.66666667,55,0.02327882,14.7956951,600,2.77815125
123,139,39.54197361,0.000557235,0.068539966,35.66666667,57,0.018872223,14.26077938,600,2.77815125
689,1481,131.3112372,0.000396639,0.27328393,23.33333333,1116,0.257895098,33.14413325,600,2.77815125
1297,1951,151.3804173,0.000440672,0.571551177,19.33333333,1690,0.413313093,38.60738382,600,2.77815125
144,184,64.61238332,0.000407975,0.058748472,50,89,0.027062431,20.74989326,700,2.84509804
106,158,21.20971272,0.000302218,0.032035091,53.66666667,46,0.017005688,11.2729249,700,2.84509804
93,206,24.82758638,0.000397263,0.036945424,59,32,0.023242407,17.98273449,700,2.84509804
153,185,40.08492867,0.000459075,0.070238492,46,61,0.027225869,24.06512277,700,2.84509804
38,119,18.21394336,0.000359496,0.013660849,57,26,0.0119706,8.110675381,700,2.84509804
57,123,35.33261356,0.000259926,0.014815781,59,27,0.014207112,17.41738765,700,2.84509804
1383,2011,160.908628,0.000447033,0.618246377,18,1311,0.329038647,38.54332367,700,2.84509804
960,1151,123.5889203,0.000395548,0.379726019,33.66666667,342,0.125167905,29.98511576,700,2.84509804
90,154,25.04149527,0.000339716,0.030574438,57,37,0.021569371,16.53748383,800,2.903089987
149,218,29.30552842,0.000361652,0.05388608,59.66666667,58,0.026641385,21.7238901,800,2.903089987
150,204,39.68096471,0.000479298,0.071894738,55.33333333,65,0.02883816,22.02762463,800,2.903089987
163,177,46.90815894,0.000499661,0.08144478,45.66666667,63,0.030051379,21.59344605,800,2.903089987
1062,1390,123.7929066,0.000421817,0.447969692,24,988,0.271747004,33.02125264,800,2.903089987
1345,1740,125.419823,0.000396315,0.533043265,20.66666667,1265,0.271533923,31.99775811,800,2.903089987
120,203,24.12156321,0.000366826,0.044019116,57,45,0.022332193,17.04626058,900,2.954242509
120,203,24.12156321,0.000366826,0.044019116,57,45,0.022332193,17.04626058,900,2.954242509
120,203,24.12156321,0.000366826,0.044019116,57,45,0.022332193,17.04626058,900,2.954242509
181,262,47.58917494,0.000364135,0.065908399,49,113,0.025221677,19.30825912,900,2.954242509
254,274,79.20328666,0.000496901,0.126212883,25.66666667,112,0.057248542,22.57358194,900,2.954242509
226,430,74.37558947,0.000471596,0.10658076,23,275,0.058185682,30.66639659,900,2.954242509
537,576,56.06679188,0.000283229,0.152094016,34,264,0.06209434,22.95990459,1000,3
281,293,74.17732301,0.000470736,0.132276837,41.66666667,123,0.042785687,25.34347826,1000,3
236,260,35.71578274,0.000325956,0.076925611,41.66666667,106,0.030124649,14.76201433,1000,3
176,194,38.002193,0.000428989,0.075501981,42.66666667,73,0.024580919,14.18027454,1000,3
176,219,42.69491943,0.000348637,0.061360036,59.66666667,67,0.020562833,19.72796874,1000,3
307,322,55.23369635,0.000399425,0.122623565,32.33333333,141,0.046631843,22.35770956,2000,3.301029996
304,331,55.85371858,0.000384455,0.116874454,36,117,0.050670391,23.52408511,2000,3.301029996
345,360,85.45534828,0.000459926,0.158674379,34,166,0.063422511,46.56393348,2000,3.301029996
301,309,56.07144792,0.000425594,0.128103651,31.33333333,122,0.044762793,19.60880208,2000,3.301029996
37,297,22.27358401,8.88E-05,0.003284747,59,68,0.036491417,12.43891788,2000,3.301029996
15,194,11.66160153,7.98E-05,0.001197243,59.66666667,47,0.018346559,9.001273867,2000,3.301029996
329,363,49.71490277,0.000331369,0.109020527,41.33333333,137,0.034492234,24.44453282,3000,3.477121255
348,380,62.20097006,0.000370498,0.128933432,38.33333333,157,0.04250928,25.66350903,3000,3.477121255
262,347,25.62042851,0.000235091,0.061593789,46,112,0.030649427,11.79346006,3000,3.477121255
163,261,17.25729415,0.000175947,0.028679285,55.66666667,75,0.018107499,9.93457997,3000,3.477121255
141,335,14.36147906,0.00015975,0.022524724,58,86,0.031180247,14.17129381,3000,3.477121255
303,374,77.37422445,0.000490941,0.148755227,40.33333333,124,0.064280852,43.18067198,4000,3.602059991
410,446,60.45402966,0.000356119,0.146008693,35,210,0.058443793,23.87791555,4000,3.602059991
175,236,31.56517124,0.000299099,0.052342298,38,87,0.02951978,13.55016718,4000,3.602059991
335,361,67.86540936,0.000436254,0.146145224,33.66666667,130,0.05331384,32.33433723,4000,3.602059991
315,326,109.2593256,0.000528715,0.166545193,30.66666667,143,0.069533441,53.35188334,4000,3.602059991
377,408,126.6757862,0.000556082,0.209642895,43,144,0.067871033,56.52961862,4000,3.602059991
258,331,32.03728549,0.000259693,0.067000881,44.33333333,101,0.037362101,13.38221577,4000,3.602059991
332,390,36.6590783,0.000273809,0.090904505,38,147,0.044218607,14.74513536,4000,3.602059991
393,413,91.64937071,0.00053973,0.212113844,32.66666667,206,0.075,26.99703947,5000,3.698970004
438,451,107.7688602,0.000478985,0.209795367,31.33333333,191,0.074980964,45.85954419,5000,3.698970004
341,356,75.81668098,0.000417781,0.142463374,32.33333333,192,0.05582165,23.00317373,5000,3.698970004
426,428,94.12916895,0.000434245,0.184988435,31.66666667,169,0.062019521,36.28809517,5000,3.698970004
506,520,150.491877,0.00059382,0.300472763,27.66666667,308,0.090121013,48.56994764,5000,3.698970004
423,425,107.6017225,0.000495689,0.209676335,27.66666667,176,0.056974969,34.81498977,5000,3.698970004
385,421,99.64288647,0.000477472,0.183826762,36,163,0.068292589,55.6617976,6000,3.77815125
334,344,113.7200441,0.000566461,0.189198138,31.33333333,180,0.07099189,54.28821441,6000,3.77815125
478,487,98.55657467,0.000407945,0.194997817,30.33333333,248,0.073142783,32.5459542,6000,3.77815125
417,426,105.4886198,0.000499734,0.208389262,30.33333333,251,0.077716175,35.12921408,6000,3.77815125
320,425,75.45534117,0.000509346,0.162990785,59.33333333,154,0.061092088,49.32884789,7000,3.84509804
338,433,98.85894186,0.000557191,0.188330675,59.66666667,181,0.071737108,54.79654629,7000,3.84509804
394,456,61.32060917,0.000332139,0.130862911,45.33333333,176,0.053228167,16.65060892,7000,3.84509804
497,517,77.35616662,0.000363125,0.180473174,32,197,0.0616086,27.35121893,7000,3.84509804
501,526,158.4639425,0.000484998,0.242983927,28.33333333,311,0.085313712,40.90469059,8000,3.903089987
479,489,105.5359834,0.000425198,0.203670075,25,269,0.073536937,29.98965597,8000,3.903089987
465,480,131.1508012,0.000527026,0.245067175,29,270,0.102835227,49.50491988,8000,3.903089987
440,453,135.2829723,0.000541447,0.238236539,28.66666667,255,0.089986149,40.30179097,8000,3.903089987
530,536,153.6725256,0.000504467,0.267367586,29.66666667,280,0.08894632,38.65637803,9000,3.954242509
519,525,134.7224048,0.000458925,0.238181907,28.66666667,336,0.097512755,42.30160911,9000,3.954242509
476,498,77.50486608,0.000377918,0.179889011,37.66666667,225,0.065400844,28.6427949,9000,3.954242509
455,478,81.1275006,0.000396136,0.180241873,31.33333333,218,0.069764035,26.08834635,9000,3.954242509
424,498,302.3034754,0.000807782,0.342499759,16.66666667,312,0.096302902,56.54758026,10000,4
392,414,153.6716432,0.000585848,0.229652558,20,233,0.067904789,30.53235435,10000,4
476,482,133.7323201,0.000481892,0.229380518,31,239,0.079694323,36.21440386,10000,4
513,531,128.0798934,0.000467408,0.239780415,27.66666667,289,0.085354317,36.735576,10000,4
352,551,37.27320392,0.000279106,0.098245396,58.66666667,167,0.061456778,19.66187987,10000,4
434,668,254.1636668,0.00071507,0.310340204,58.33333333,320,0.124518183,66.09805358,20000,4.301029996
470,783,241.9702526,0.000686477,0.322644101,57,257,0.10781457,62.53643856,20000,4.301029996
492,508,71.35212212,0.000417992,0.205651957,28.66666667,235,0.067982456,17.43486172,20000,4.301029996
469,495,61.04704378,0.000359654,0.168677699,33,205,0.052808741,15.58081954,20000,4.301029996
600,653,313.0253798,0.00071512,0.429071959,22.66666667,465,0.17591815,82.16266376,30000,4.477121255
19,482,30.38000815,6.88E-05,0.001307536,57,160,0.051763747,22.63553971,30000,4.477121255
498,1235,33.51646755,0.000162651,0.081000273,56.66666667,301,0.114225124,35.57393915,30000,4.477121255
570,616,217.6734246,0.000620095,0.35345403,21.66666667,425,0.1421844,56.8447587,30000,4.477121255
368,509,248.3155951,0.00079449,0.292372385,59.66666667,214,0.09877122,69.15582449,30000,4.477121255
380,619,263.6933254,0.000781414,0.29693741,59,223,0.101949355,78.01182035,30000,4.477121255
464,612,240.7909373,0.000566853,0.263019741,59.66666667,203,0.085870894,140.2169462,30000,4.477121255
473,689,242.8633661,0.000760528,0.35972988,59.33333333,213,0.107868046,71.20076428,40000,4.602059991
538,679,287.0417724,0.000659273,0.354688761,58.66666667,400,0.167901703,82.24541724,40000,4.602059991
655,692,197.1286975,0.000580675,0.38034188,25,460,0.153962282,62.25245262,40000,4.602059991
489,489,113.3094588,0.000469966,0.229813241,30,235,0.078636736,36.92014485,40000,4.602059991
416,643,357.6963134,0.000746826,0.310679564,58,328,0.167383836,101.511776,50000,4.698970004
482,722,473.7150744,0.000740017,0.356688388,52.33333333,435,0.204814004,130.4625003,50000,4.698970004
562,782,482.2762104,0.000888734,0.499468388,54,497,0.210765141,122.5611116,50000,4.698970004
597,847,360.6455088,0.000776983,0.463858759,59.33333333,550,0.196722543,96.87884679,50000,4.698970004
381,793,240.6507944,0.000723516,0.27565949,59,306,0.159534769,65.01670874,60000,4.77815125
569,1108,322.8676258,0.000671936,0.382331392,59.33333333,306,0.138026186,85.9302257,60000,4.77815125
440,606,329.8224542,0.000773269,0.340238489,48.33333333,308,0.159281513,83.54894766,60000,4.77815125
431,628,307.730251,0.000794249,0.342321532,56,354,0.180510523,78.1583766,60000,4.77815125
668,992,374.2499145,0.000653749,0.436704533,49,453,0.237914766,106.8811208,60000,4.77815125
743,1123,268.5794597,0.000548596,0.407606951,44.66666667,321,0.162460062,85.51136055,60000,4.77815125
454,794,358.0514113,0.000777325,0.352905345,57.66666667,359,0.192356048,96.01042844,70000,4.84509804
435,777,242.2452712,0.000674967,0.293610514,58.66666667,275,0.134757467,64.90353644,70000,4.84509804
486,799,263.0470179,0.000757197,0.367997918,55.33333333,336,0.175193036,70.46425094,70000,4.84509804
421,831,237.7853829,0.000765479,0.322266454,59.66666667,274,0.120020977,61.68741627,70000,4.84509804
786,1083,322.7270729,0.000585191,0.459959916,59.33333333,491,0.228743077,86.20267902,70000,4.84509804
296,416,392.7678089,0.000735434,0.217688452,53.66666667,223,0.121737035,100.5658618,70000,4.84509804
411,823,203.4542826,0.000698508,0.287086785,59.33333333,234,0.115231322,55.38391392,80000,4.903089987
341,613,232.8465354,0.000834547,0.284580598,55.66666667,232,0.113109652,59.6451398,80000,4.903089987
530,776,191.2583554,0.000707556,0.375004788,59.66666667,414,0.160782004,59.51332548,80000,4.903089987
627,864,227.8614186,0.000658828,0.413085158,59.33333333,554,0.195880857,71.03973596,80000,4.903089987
431,629,233.4434661,0.000728121,0.313820059,59.33333333,297,0.153603736,70.2207178,90000,4.954242509
494,994,288.527101,0.000786423,0.388493067,58,272,0.158823642,78.67024343,90000,4.954242509
637,751,228.2005954,0.000643298,0.409781108,59.33333333,458,0.189585929,72.76254263,90000,4.954242509
594,735,294.0709932,0.000695783,0.413295353,58.66666667,531,0.200695268,89.62634052,90000,4.954242509
320,345,104.0502085,0.000598519,0.191525935,25.66666667,274,0.117563407,53.57435276,100000,5
345,529,80.59286473,0.000548176,0.189120773,57.33333333,258,0.122879227,59.86408696,100000,5
266,294,50.83520703,0.000535746,0.14250837,28.66666667,257,0.106091838,37.75323694,100000,5
539,745,157.8510547,0.000540404,0.291277727,59.66666667,358,0.163223622,61.73608065,100000,5
718,1010,259.680665,0.000647289,0.464753587,54.66666667,506,0.241138774,73.78022269,100000,5
692,1112,228.2383434,0.00061566,0.426036531,55.66666667,567,0.224994131,67.87521247,100000,5
525,889,252.05724,0.000727994,0.382196897,58,506,0.230827428,64.55080923,200000,5.301029996
411,679,271.2995786,0.000748614,0.307680521,59.33333333,416,0.193037732,66.13767956,200000,5.301029996
636,1007,404.8229063,0.000684722,0.43548293,56.66666667,415,0.204415913,105.0139967,200000,5.301029996
575,1098,348.0296784,0.000828495,0.476384828,59.66666667,462,0.223049075,78.38507839,200000,5.301029996
391,688,249.9305256,0.000628462,0.245728619,58.66666667,267,0.138676541,58.94750597,300000,5.477121255
354,683,310.4105665,0.000724016,0.256301715,59.66666667,337,0.160567757,75.15879782,300000,5.477121255
749,999,471.3435938,0.000655422,0.490911023,53.33333333,323,0.154659942,129.957968,300000,5.477121255
462,838,384.4255923,0.000870399,0.402124111,58.33333333,344,0.202962963,106.9154084,300000,5.477121255
537,883,344.3647893,0.000647491,0.347702407,59,406,0.197669109,92.68273238,400000,5.602059991
546,900,519.6095235,0.000659149,0.359895471,58.33333333,469,0.223090077,142.6969047,400000,5.602059991
639,1005,247.641798,0.000662065,0.423059642,59.66666667,590,0.231924828,77.66509406,400000,5.602059991
741,1048,302.3956627,0.000703033,0.520947194,59,525,0.250495964,85.93452786,400000,5.602059991
318,639,419.6281189,0.000985229,0.313302913,56.66666667,145,0.089701172,101.0597274,500000,5.698970004
693,1083,556.0197465,0.000580493,0.402281861,54.66666667,542,0.268775601,161.8979297,500000,5.698970004
920,1172,308.5783339,0.000511293,0.470389906,48.33333333,675,0.284242407,80.42048748,500000,5.698970004
947,1160,290.3425919,0.000543024,0.51424414,55,795,0.321413723,73.3891699,500000,5.698970004
268,555,350.2162383,0.000977785,0.262046465,57.33333333,168,0.097164279,84.52819675,600000,5.77815125
306,683,542.8988001,0.000896946,0.274465578,58,216,0.118941015,129.1454782,600000,5.77815125
1082,1264,341.0978297,0.000458606,0.496211528,54.33333333,679,0.29817331,87.22803274,600000,5.77815125
995,1160,346.9661062,0.000479805,0.477405754,56,558,0.292539683,89.88512401,600000,5.77815125
487,691,224.5996985,0.000619701,0.301794311,59,409,0.155993192,50.16630683,700000,5.84509804
501,768,285.7108716,0.000584663,0.292916326,54,467,0.179070876,67.19627922,700000,5.84509804
1221,1388,258.4641895,0.000430416,0.525537877,57.33333333,799,0.331950976,64.1157233,700000,5.84509804
967,1112,326.8296794,0.000484336,0.468353377,58.66666667,812,0.38205019,86.62195856,700000,5.84509804
652,874,472.3488495,0.000662253,0.431788962,55.66666667,283,0.175516629,104.9618035,800000,5.903089987
453,680,499.83945,0.000743149,0.336646654,49,184,0.133451147,111.050765,800000,5.903089987
967,1161,421.4759922,0.000508724,0.491936339,54.33333333,836,0.348231586,103.950148,800000,5.903089987
1252,1330,362.481914,0.000399068,0.499633689,55,998,0.426684054,111.0106621,800000,5.903089987
684,959,582.8773022,0.000556032,0.380325815,47.66666667,526,0.242566644,169.2820783,900000,5.954242509
453,836,467.4049981,0.000845976,0.383227299,50.66666667,399,0.209938307,126.0280846,900000,5.954242509
1223,1297,376.7298937,0.000438993,0.536888488,59.33333333,1014,0.397205763,115.8425609,900000,5.954242509
1380,1451,311.0953994,0.00038691,0.533936473,28,1015,0.452013867,100.5625988,900000,5.954242509
1353,1364,475.0893331,0.000408224,0.552327608,27,1068,0.48036928,135.8133896,1000000,6
1353,1364,475.0893331,0.000408224,0.552327608,27,1068,0.48036928,135.8133896,1000000,6
1353,1364,475.0893331,0.000408224,0.552327608,27,1068,0.48036928,135.8133896,1000000,6
1060,1096,549.7620662,0.000475078,0.503583049,29,834,0.406220948,155.476163,1000000,6
91,252,191.7077354,0.00175639,0.159831454,59.66666667,170,0.090617444,46.73254327,2000000,6.301029996
431,731,526.6683414,0.000698009,0.300841683,59.66666667,426,0.181043418,130.7211553,2000000,6.301029996
193,494,336.3935554,0.001239853,0.239291713,59.33333333,181,0.115826095,80.88078123,2000000,6.301029996
421,757,513.9240431,0.000765501,0.322276065,59.66666667,442,0.196837983,129.6288987,2000000,6.301029996
